<rotormappings>
  <rotor position="1" notches="Q">
    <mapping source="Ꞵ" destination="¡" />
    <mapping source="ꞵ" destination="C" />
    <mapping source="ꭕ" destination="∞" />
    <mapping source="ꭓ" destination="," />
    <mapping source="Ꞷ" destination="H" />
    <mapping source="ꞷ" destination="z" />
    <mapping source="'" destination="È" />
    <mapping source="-" destination="‰" />
    <mapping source="—" destination="·" />
    <mapping source=" " destination="ɷ" />
    <mapping source="﴾" destination="i" />
    <mapping source="﴿" destination="*" />
    <mapping source="!" destination="⅝" />
    <mapping source="#" destination="e" />
    <mapping source="$" destination="Ö" />
    <mapping source="%" destination="Ψ" />
    <mapping source="&amp;" destination="y" />
    <mapping source="(" destination="P" />
    <mapping source=")" destination="t" />
    <mapping source="*" destination="﴾" />
    <mapping source="," destination="α" />
    <mapping source="." destination="A" />
    <mapping source="/" destination="$" />
    <mapping source=":" destination="I" />
    <mapping source=";" destination="&amp;" />
    <mapping source="?" destination="Ҩ" />
    <mapping source="@" destination="Ɛ" />
    <mapping source="[" destination="º" />
    <mapping source="\" destination="è" />
    <mapping source="]" destination="ψ" />
    <mapping source="^" destination="ꝋ" />
    <mapping source="_" destination="é" />
    <mapping source="{" destination="ò" />
    <mapping source="|" destination="ü" />
    <mapping source="}" destination="À" />
    <mapping source="~" destination="Ç" />
    <mapping source="¡" destination="S" />
    <mapping source="¨" destination="Ѵ" />
    <mapping source="´" destination="ë" />
    <mapping source="¿" destination="d" />
    <mapping source="€" destination="⅞" />
    <mapping source="+" destination="♫" />
    <mapping source="&lt;" destination="—" />
    <mapping source="=" destination="ù" />
    <mapping source="≠" destination="J" />
    <mapping source="&gt;" destination="ç" />
    <mapping source="±" destination="Ó" />
    <mapping source="÷" destination="n" />
    <mapping source="ǂ" destination="≈" />
    <mapping source="∂" destination="Ʌ" />
    <mapping source="∆" destination="h" />
    <mapping source="∏" destination="ѵ" />
    <mapping source="√" destination="⅔" />
    <mapping source="≈" destination="ꞵ" />
    <mapping source="≡" destination="7" />
    <mapping source="≤" destination="ꭓ" />
    <mapping source="≥" destination="~" />
    <mapping source="⌠" destination="⅓" />
    <mapping source="⌡" destination="E" />
    <mapping source="·" destination="%" />
    <mapping source="♫" destination="ǂ" />
    <mapping source="‰" destination="ʋ" />
    <mapping source="0" destination="≥" />
    <mapping source="⅛" destination="г" />
    <mapping source="¼" destination="≠" />
    <mapping source="⅓" destination="_" />
    <mapping source="⅜" destination="Χ" />
    <mapping source="½" destination="Ƴ" />
    <mapping source="⅝" destination="=" />
    <mapping source="⅔" destination="⅜" />
    <mapping source="¾" destination="Ꞷ" />
    <mapping source="⅞" destination="ꞷ" />
    <mapping source="1" destination="ȡ" />
    <mapping source="2" destination="ʎ" />
    <mapping source="3" destination="}" />
    <mapping source="4" destination="λ" />
    <mapping source="5" destination="K" />
    <mapping source="6" destination="&lt;" />
    <mapping source="7" destination="\" />
    <mapping source="8" destination="-" />
    <mapping source="9" destination="3" />
    <mapping source="∞" destination="ú" />
    <mapping source="a" destination="]" />
    <mapping source="A" destination="&gt;" />
    <mapping source="ª" destination="M" />
    <mapping source="Á" destination="Ɲ" />
    <mapping source="á" destination="Z" />
    <mapping source="À" destination="j" />
    <mapping source="à" destination="ª" />
    <mapping source="ä" destination="β" />
    <mapping source="Ä" destination="R" />
    <mapping source="B" destination="Ʃ" />
    <mapping source="b" destination="´" />
    <mapping source="C" destination="?" />
    <mapping source="c" destination="s" />
    <mapping source="Ç" destination="ï" />
    <mapping source="ç" destination="ξ" />
    <mapping source="D" destination="É" />
    <mapping source="d" destination="Ж" />
    <mapping source="ȡ" destination="π" />
    <mapping source="e" destination="í" />
    <mapping source="E" destination="¾" />
    <mapping source="é" destination="½" />
    <mapping source="É" destination="w" />
    <mapping source="è" destination=";" />
    <mapping source="È" destination="Ʋ" />
    <mapping source="ë" destination="X" />
    <mapping source="Ë" destination="√" />
    <mapping source="Ɛ" destination="Ӽ" />
    <mapping source="Ȝ" destination="Ñ" />
    <mapping source="f" destination="." />
    <mapping source="F" destination="4" />
    <mapping source="g" destination="δ" />
    <mapping source="G" destination="Ä" />
    <mapping source="Ɣ" destination="φ" />
    <mapping source="H" destination="Q" />
    <mapping source="h" destination="ƞ" />
    <mapping source="I" destination="W" />
    <mapping source="i" destination="η" />
    <mapping source="Í" destination="@" />
    <mapping source="í" destination="T" />
    <mapping source="Ì" destination="Ù" />
    <mapping source="ì" destination=":" />
    <mapping source="ï" destination="6" />
    <mapping source="Ï" destination="Y" />
    <mapping source="J" destination="ᵟ" />
    <mapping source="j" destination="k" />
    <mapping source="K" destination="ϸ" />
    <mapping source="k" destination="⌠" />
    <mapping source="L" destination="∏" />
    <mapping source="l" destination="θ" />
    <mapping source="M" destination="÷" />
    <mapping source="m" destination="¼" />
    <mapping source="N" destination="ñ" />
    <mapping source="n" destination="Ɣ" />
    <mapping source="Ɲ" destination="o" />
    <mapping source="ƞ" destination="a" />
    <mapping source="Ñ" destination="ꭕ" />
    <mapping source="ñ" destination="B" />
    <mapping source="O" destination="m" />
    <mapping source="o" destination="ћ" />
    <mapping source="º" destination="Ͳ" />
    <mapping source="ó" destination="Ì" />
    <mapping source="Ó" destination="b" />
    <mapping source="ò" destination="€" />
    <mapping source="Ò" destination="ђ" />
    <mapping source="ö" destination="﴿" />
    <mapping source="Ö" destination="v" />
    <mapping source="Ɵ" destination="r" />
    <mapping source="Ø" destination="Ɵ" />
    <mapping source="ꝋ" destination="Ò" />
    <mapping source="Ꝋ" destination="Ë" />
    <mapping source="ɷ" destination=" " />
    <mapping source="ȣ" destination="|" />
    <mapping source="p" destination="Ω" />
    <mapping source="P" destination="ϒ" />
    <mapping source="q" destination="x" />
    <mapping source="Q" destination="ä" />
    <mapping source="r" destination="Ӕ" />
    <mapping source="R" destination="!" />
    <mapping source="s" destination="Í" />
    <mapping source="S" destination="ֆ" />
    <mapping source="Ʃ" destination="q" />
    <mapping source="T" destination="V" />
    <mapping source="t" destination="Ф" />
    <mapping source="U" destination="U" />
    <mapping source="u" destination="Ξ" />
    <mapping source="Ú" destination="Á" />
    <mapping source="ú" destination="g" />
    <mapping source="Ù" destination="ϴ" />
    <mapping source="ù" destination="≡" />
    <mapping source="ü" destination="f" />
    <mapping source="Ü" destination="∂" />
    <mapping source="Ʊ" destination="⌡" />
    <mapping source="v" destination="¨" />
    <mapping source="V" destination="⅛" />
    <mapping source="ʋ" destination="γ" />
    <mapping source="Ʋ" destination="Ꞵ" />
    <mapping source="Ʌ" destination="p" />
    <mapping source="W" destination="O" />
    <mapping source="w" destination="0" />
    <mapping source="Ⱳ" destination="N" />
    <mapping source="x" destination="+" />
    <mapping source="X" destination="^" />
    <mapping source="y" destination="u" />
    <mapping source="Y" destination="(" />
    <mapping source="Ƴ" destination="Ú" />
    <mapping source="ʎ" destination="∆" />
    <mapping source="z" destination="/" />
    <mapping source="Z" destination="Ⱳ" />
    <mapping source="α" destination="à" />
    <mapping source="β" destination="F" />
    <mapping source="Γ" destination="μ" />
    <mapping source="γ" destination="{" />
    <mapping source="ᵟ" destination="Ꝋ" />
    <mapping source="δ" destination="ӕ" />
    <mapping source="η" destination="á" />
    <mapping source="θ" destination="ö" />
    <mapping source="ϴ" destination="5" />
    <mapping source="λ" destination="ф" />
    <mapping source="μ" destination="1" />
    <mapping source="ξ" destination=")" />
    <mapping source="Ξ" destination="l" />
    <mapping source="π" destination="ì" />
    <mapping source="ϒ" destination="¿" />
    <mapping source="φ" destination="Ï" />
    <mapping source="Χ" destination="≤" />
    <mapping source="ψ" destination="Ü" />
    <mapping source="Ψ" destination="Ʊ" />
    <mapping source="Ω" destination="±" />
    <mapping source="Ͳ" destination="Γ" />
    <mapping source="Ϸ" destination="ó" />
    <mapping source="ϸ" destination="ȣ" />
    <mapping source="г" destination="c" />
    <mapping source="ђ" destination="'" />
    <mapping source="Ж" destination="G" />
    <mapping source="Ҩ" destination="Ϸ" />
    <mapping source="ћ" destination="D" />
    <mapping source="ф" destination="Ȝ" />
    <mapping source="Ф" destination="Ѡ" />
    <mapping source="Ӽ" destination="Ø" />
    <mapping source="Ѡ" destination="L" />
    <mapping source="Ѵ" destination="[" />
    <mapping source="ѵ" destination="9" />
    <mapping source="ӕ" destination="2" />
    <mapping source="Ӕ" destination="#" />
    <mapping source="ֆ" destination="8" />
  </rotor>
</rotormappings>